"js_size","image_size","css_size"
494.4150390625,13.5517578125,54.1806640625