"js_size","image_size","css_size"
496.857421875,26.771484375,56.7890625